"ID","y"
5001,"fail"
5002,"fail"
5003,"fail"
5004,"fail"
5005,"fail"
5006,"fail"
5007,"fail"
5008,"fail"
5009,"fail"
5010,"fail"
5011,"fail"
5012,"fail"
5013,"fail"
5014,"fail"
5015,"fail"
5016,"fail"
5017,"fail"
5018,"fail"
5019,"fail"
5020,"fail"
5021,"fail"
5022,"fail"
5023,"fail"
5024,"fail"
5025,"fail"
5026,"fail"
5027,"fail"
5028,"fail"
5029,"fail"
5030,"fail"
5031,"fail"
5032,"fail"
5033,"fail"
5034,"fail"
5035,"fail"
5036,"fail"
5037,"fail"
5038,"fail"
5039,"fail"
5040,"fail"
5041,"fail"
5042,"fail"
5043,"fail"
5044,"fail"
5045,"fail"
5046,"fail"
5047,"fail"
5048,"fail"
5049,"fail"
5050,"fail"
5051,"fail"
5052,"fail"
5053,"fail"
5054,"fail"
5055,"fail"
5056,"fail"
5057,"fail"
5058,"fail"
5059,"fail"
5060,"fail"
5061,"fail"
5062,"fail"
5063,"fail"
5064,"fail"
5065,"fail"
5066,"fail"
5067,"fail"
5068,"fail"
5069,"fail"
5070,"fail"
5071,"fail"
5072,"fail"
5073,"fail"
5074,"fail"
5075,"fail"
5076,"fail"
5077,"fail"
5078,"fail"
5079,"fail"
5080,"fail"
5081,"fail"
5082,"fail"
5083,"fail"
5084,"fail"
5085,"fail"
5086,"fail"
5087,"fail"
5088,"fail"
5089,"fail"
5090,"fail"
5091,"fail"
5092,"fail"
5093,"fail"
5094,"fail"
5095,"fail"
5096,"fail"
5097,"fail"
5098,"fail"
5099,"fail"
5100,"fail"
5101,"fail"
5102,"fail"
5103,"fail"
5104,"fail"
5105,"fail"
5106,"fail"
5107,"fail"
5108,"fail"
5109,"fail"
5110,"fail"
5111,"fail"
5112,"fail"
5113,"fail"
5114,"fail"
5115,"fail"
5116,"fail"
5117,"fail"
5118,"fail"
5119,"fail"
5120,"fail"
5121,"fail"
5122,"fail"
5123,"fail"
5124,"fail"
5125,"fail"
5126,"fail"
5127,"fail"
5128,"fail"
5129,"fail"
5130,"fail"
5131,"fail"
5132,"fail"
5133,"fail"
5134,"fail"
5135,"fail"
5136,"fail"
5137,"fail"
5138,"fail"
5139,"fail"
5140,"fail"
5141,"fail"
5142,"fail"
5143,"fail"
5144,"fail"
5145,"fail"
5146,"fail"
5147,"fail"
5148,"fail"
5149,"fail"
5150,"fail"
5151,"fail"
5152,"fail"
5153,"fail"
5154,"fail"
5155,"fail"
5156,"fail"
5157,"fail"
5158,"fail"
5159,"fail"
5160,"fail"
5161,"fail"
5162,"fail"
5163,"fail"
5164,"fail"
5165,"fail"
5166,"fail"
5167,"fail"
5168,"fail"
5169,"fail"
5170,"fail"
5171,"fail"
5172,"fail"
5173,"fail"
5174,"fail"
5175,"fail"
5176,"fail"
5177,"fail"
5178,"fail"
5179,"fail"
5180,"fail"
5181,"fail"
5182,"fail"
5183,"fail"
5184,"fail"
5185,"fail"
5186,"fail"
5187,"fail"
5188,"fail"
5189,"fail"
5190,"fail"
5191,"fail"
5192,"fail"
5193,"fail"
5194,"fail"
5195,"fail"
5196,"fail"
5197,"fail"
5198,"fail"
5199,"fail"
5200,"fail"
5201,"fail"
5202,"fail"
5203,"fail"
5204,"fail"
5205,"fail"
5206,"fail"
5207,"fail"
5208,"fail"
5209,"fail"
5210,"fail"
5211,"fail"
5212,"fail"
5213,"fail"
5214,"fail"
5215,"fail"
5216,"fail"
5217,"fail"
5218,"fail"
5219,"fail"
5220,"fail"
5221,"fail"
5222,"fail"
5223,"fail"
5224,"fail"
5225,"fail"
5226,"fail"
5227,"fail"
5228,"fail"
5229,"fail"
5230,"fail"
5231,"fail"
5232,"fail"
5233,"fail"
5234,"fail"
5235,"fail"
5236,"fail"
5237,"fail"
5238,"fail"
5239,"fail"
5240,"fail"
5241,"fail"
5242,"fail"
5243,"fail"
5244,"fail"
5245,"fail"
5246,"fail"
5247,"fail"
5248,"fail"
5249,"fail"
5250,"fail"
5251,"fail"
5252,"fail"
5253,"fail"
5254,"fail"
5255,"fail"
5256,"fail"
5257,"fail"
5258,"fail"
5259,"fail"
5260,"fail"
5261,"fail"
5262,"fail"
5263,"fail"
5264,"fail"
5265,"fail"
5266,"fail"
5267,"fail"
5268,"fail"
5269,"fail"
5270,"fail"
5271,"fail"
5272,"fail"
5273,"fail"
5274,"fail"
5275,"fail"
5276,"fail"
5277,"fail"
5278,"fail"
5279,"fail"
5280,"fail"
5281,"fail"
5282,"fail"
5283,"fail"
5284,"fail"
5285,"fail"
5286,"fail"
5287,"fail"
5288,"fail"
5289,"fail"
5290,"fail"
5291,"fail"
5292,"fail"
5293,"fail"
5294,"fail"
5295,"fail"
5296,"fail"
5297,"fail"
5298,"fail"
5299,"fail"
5300,"fail"
5301,"fail"
5302,"fail"
5303,"fail"
5304,"fail"
5305,"fail"
5306,"fail"
5307,"fail"
5308,"fail"
5309,"fail"
5310,"fail"
5311,"fail"
5312,"fail"
5313,"fail"
5314,"fail"
5315,"fail"
5316,"fail"
5317,"fail"
5318,"fail"
5319,"fail"
5320,"fail"
5321,"fail"
5322,"fail"
5323,"fail"
5324,"fail"
5325,"fail"
5326,"fail"
5327,"fail"
5328,"fail"
5329,"fail"
5330,"fail"
5331,"fail"
5332,"fail"
5333,"fail"
5334,"fail"
5335,"fail"
5336,"fail"
5337,"fail"
5338,"fail"
5339,"fail"
5340,"fail"
5341,"fail"
5342,"fail"
5343,"fail"
5344,"fail"
5345,"fail"
5346,"fail"
5347,"fail"
5348,"fail"
5349,"fail"
5350,"fail"
5351,"fail"
5352,"fail"
5353,"fail"
5354,"fail"
5355,"fail"
5356,"fail"
5357,"fail"
5358,"fail"
5359,"fail"
5360,"fail"
5361,"fail"
5362,"fail"
5363,"fail"
5364,"fail"
5365,"fail"
5366,"fail"
5367,"fail"
5368,"fail"
5369,"fail"
5370,"fail"
5371,"fail"
5372,"fail"
5373,"fail"
5374,"fail"
5375,"fail"
5376,"fail"
5377,"fail"
5378,"fail"
5379,"fail"
5380,"fail"
5381,"fail"
5382,"fail"
5383,"fail"
5384,"fail"
5385,"fail"
5386,"fail"
5387,"fail"
5388,"fail"
5389,"fail"
5390,"fail"
5391,"fail"
5392,"fail"
5393,"fail"
5394,"fail"
5395,"fail"
5396,"fail"
5397,"fail"
5398,"fail"
5399,"fail"
5400,"fail"
5401,"fail"
5402,"fail"
5403,"fail"
5404,"fail"
5405,"fail"
5406,"fail"
5407,"fail"
5408,"fail"
5409,"fail"
5410,"fail"
5411,"fail"
5412,"fail"
5413,"fail"
5414,"fail"
5415,"fail"
5416,"fail"
5417,"fail"
5418,"fail"
5419,"fail"
5420,"fail"
5421,"fail"
5422,"fail"
5423,"fail"
5424,"fail"
5425,"fail"
5426,"fail"
5427,"fail"
5428,"fail"
5429,"fail"
5430,"fail"
5431,"fail"
5432,"fail"
5433,"fail"
5434,"fail"
5435,"fail"
5436,"fail"
5437,"fail"
5438,"fail"
5439,"fail"
5440,"fail"
5441,"fail"
5442,"fail"
5443,"fail"
5444,"fail"
5445,"fail"
5446,"fail"
5447,"fail"
5448,"fail"
5449,"fail"
5450,"fail"
5451,"fail"
5452,"fail"
5453,"fail"
5454,"fail"
5455,"fail"
5456,"fail"
5457,"fail"
5458,"fail"
5459,"fail"
5460,"fail"
5461,"fail"
5462,"fail"
5463,"fail"
5464,"fail"
5465,"fail"
5466,"fail"
5467,"fail"
5468,"fail"
5469,"fail"
5470,"fail"
5471,"fail"
5472,"fail"
5473,"fail"
5474,"fail"
5475,"fail"
5476,"fail"
5477,"fail"
5478,"fail"
5479,"fail"
5480,"fail"
5481,"fail"
5482,"fail"
5483,"fail"
5484,"fail"
5485,"fail"
5486,"fail"
5487,"fail"
5488,"fail"
5489,"fail"
5490,"fail"
5491,"fail"
5492,"fail"
5493,"fail"
5494,"fail"
5495,"fail"
5496,"fail"
5497,"fail"
5498,"fail"
5499,"fail"
5500,"fail"
5501,"fail"
5502,"fail"
5503,"fail"
5504,"fail"
5505,"fail"
5506,"fail"
5507,"fail"
5508,"fail"
5509,"fail"
5510,"fail"
5511,"fail"
5512,"fail"
5513,"fail"
5514,"fail"
5515,"fail"
5516,"fail"
5517,"fail"
5518,"fail"
5519,"fail"
5520,"fail"
5521,"fail"
5522,"fail"
5523,"fail"
5524,"fail"
5525,"fail"
5526,"fail"
5527,"fail"
5528,"fail"
5529,"fail"
5530,"fail"
5531,"fail"
5532,"fail"
5533,"fail"
5534,"fail"
5535,"fail"
5536,"fail"
5537,"fail"
5538,"fail"
5539,"fail"
5540,"fail"
5541,"fail"
5542,"fail"
5543,"fail"
5544,"fail"
5545,"fail"
5546,"fail"
5547,"fail"
5548,"fail"
5549,"fail"
5550,"fail"
5551,"fail"
5552,"fail"
5553,"fail"
5554,"fail"
5555,"fail"
5556,"fail"
5557,"fail"
5558,"fail"
5559,"fail"
5560,"fail"
5561,"fail"
5562,"fail"
5563,"fail"
5564,"fail"
5565,"fail"
5566,"fail"
5567,"fail"
5568,"fail"
5569,"fail"
5570,"fail"
5571,"fail"
5572,"fail"
5573,"fail"
5574,"fail"
5575,"fail"
5576,"fail"
5577,"fail"
5578,"fail"
5579,"fail"
5580,"fail"
5581,"fail"
5582,"fail"
5583,"fail"
5584,"fail"
5585,"fail"
5586,"fail"
5587,"fail"
5588,"fail"
5589,"fail"
5590,"fail"
5591,"fail"
5592,"fail"
5593,"fail"
5594,"fail"
5595,"fail"
5596,"fail"
5597,"fail"
5598,"fail"
5599,"fail"
5600,"fail"
5601,"fail"
5602,"fail"
5603,"fail"
5604,"fail"
5605,"fail"
5606,"fail"
5607,"fail"
5608,"fail"
5609,"fail"
5610,"fail"
5611,"fail"
5612,"fail"
5613,"fail"
5614,"fail"
5615,"fail"
5616,"fail"
5617,"fail"
5618,"fail"
5619,"fail"
5620,"fail"
5621,"fail"
5622,"fail"
5623,"fail"
5624,"fail"
5625,"fail"
5626,"fail"
5627,"fail"
5628,"fail"
5629,"fail"
5630,"fail"
5631,"fail"
5632,"fail"
5633,"fail"
5634,"fail"
5635,"fail"
5636,"fail"
5637,"fail"
5638,"fail"
5639,"fail"
5640,"fail"
5641,"fail"
5642,"fail"
5643,"fail"
5644,"fail"
5645,"fail"
5646,"fail"
5647,"fail"
5648,"fail"
5649,"fail"
5650,"fail"
5651,"fail"
5652,"fail"
5653,"fail"
5654,"fail"
5655,"fail"
5656,"fail"
5657,"fail"
5658,"fail"
5659,"fail"
5660,"fail"
5661,"fail"
5662,"fail"
5663,"fail"
5664,"fail"
5665,"fail"
5666,"fail"
5667,"fail"
5668,"fail"
5669,"fail"
5670,"fail"
5671,"fail"
5672,"fail"
5673,"fail"
5674,"fail"
5675,"fail"
5676,"fail"
5677,"fail"
5678,"fail"
5679,"fail"
5680,"fail"
5681,"fail"
5682,"fail"
5683,"fail"
5684,"fail"
5685,"fail"
5686,"fail"
5687,"fail"
5688,"fail"
5689,"fail"
5690,"fail"
5691,"fail"
5692,"fail"
5693,"fail"
5694,"fail"
5695,"fail"
5696,"fail"
5697,"fail"
5698,"fail"
5699,"fail"
5700,"fail"
5701,"fail"
5702,"fail"
5703,"fail"
5704,"fail"
5705,"fail"
5706,"fail"
5707,"fail"
5708,"fail"
5709,"fail"
5710,"fail"
5711,"fail"
5712,"fail"
5713,"fail"
5714,"fail"
5715,"fail"
5716,"fail"
5717,"fail"
5718,"fail"
5719,"fail"
5720,"fail"
5721,"fail"
5722,"fail"
5723,"fail"
5724,"fail"
5725,"fail"
5726,"fail"
5727,"fail"
5728,"fail"
5729,"fail"
5730,"fail"
5731,"fail"
5732,"fail"
5733,"fail"
5734,"fail"
5735,"fail"
5736,"fail"
5737,"fail"
5738,"fail"
5739,"fail"
5740,"fail"
5741,"fail"
5742,"fail"
5743,"fail"
5744,"fail"
5745,"fail"
5746,"fail"
5747,"fail"
5748,"fail"
5749,"fail"
5750,"fail"
5751,"fail"
5752,"fail"
5753,"fail"
5754,"fail"
5755,"fail"
5756,"fail"
5757,"fail"
5758,"fail"
5759,"fail"
5760,"fail"
5761,"fail"
5762,"fail"
5763,"fail"
5764,"fail"
5765,"fail"
5766,"fail"
5767,"fail"
5768,"fail"
5769,"fail"
5770,"fail"
5771,"fail"
5772,"fail"
5773,"fail"
5774,"fail"
5775,"fail"
5776,"fail"
5777,"fail"
5778,"fail"
5779,"fail"
5780,"fail"
5781,"fail"
5782,"fail"
5783,"fail"
5784,"fail"
5785,"fail"
5786,"fail"
5787,"fail"
5788,"fail"
5789,"fail"
5790,"fail"
5791,"fail"
5792,"fail"
5793,"fail"
5794,"fail"
5795,"fail"
5796,"fail"
5797,"fail"
5798,"fail"
5799,"fail"
5800,"fail"
5801,"fail"
5802,"fail"
5803,"fail"
5804,"fail"
5805,"fail"
5806,"fail"
5807,"fail"
5808,"fail"
5809,"fail"
5810,"fail"
5811,"fail"
5812,"fail"
5813,"fail"
5814,"fail"
5815,"fail"
5816,"fail"
5817,"fail"
5818,"fail"
5819,"fail"
5820,"fail"
5821,"fail"
5822,"fail"
5823,"fail"
5824,"fail"
5825,"fail"
5826,"fail"
5827,"fail"
5828,"fail"
5829,"fail"
5830,"fail"
5831,"fail"
5832,"fail"
5833,"fail"
5834,"fail"
5835,"fail"
5836,"fail"
5837,"fail"
5838,"fail"
5839,"fail"
5840,"fail"
5841,"fail"
5842,"fail"
5843,"fail"
5844,"fail"
5845,"fail"
5846,"fail"
5847,"fail"
5848,"fail"
5849,"fail"
5850,"fail"
5851,"fail"
5852,"fail"
5853,"fail"
5854,"fail"
5855,"fail"
5856,"fail"
5857,"fail"
5858,"fail"
5859,"fail"
5860,"fail"
5861,"fail"
5862,"fail"
5863,"fail"
5864,"fail"
5865,"fail"
5866,"fail"
5867,"fail"
5868,"fail"
5869,"fail"
5870,"fail"
5871,"fail"
5872,"fail"
5873,"fail"
5874,"fail"
5875,"fail"
5876,"fail"
5877,"fail"
5878,"fail"
5879,"fail"
5880,"fail"
5881,"fail"
5882,"fail"
5883,"fail"
5884,"fail"
5885,"fail"
5886,"fail"
5887,"fail"
5888,"fail"
5889,"fail"
5890,"fail"
5891,"fail"
5892,"fail"
5893,"fail"
5894,"fail"
5895,"fail"
5896,"fail"
5897,"fail"
5898,"fail"
5899,"fail"
5900,"fail"
5901,"fail"
5902,"fail"
5903,"fail"
5904,"fail"
5905,"fail"
5906,"fail"
5907,"fail"
5908,"fail"
5909,"fail"
5910,"fail"
5911,"fail"
5912,"fail"
5913,"fail"
5914,"fail"
5915,"fail"
5916,"fail"
5917,"fail"
5918,"fail"
5919,"fail"
5920,"fail"
5921,"fail"
5922,"fail"
5923,"fail"
5924,"fail"
5925,"fail"
5926,"fail"
5927,"fail"
5928,"fail"
5929,"fail"
5930,"fail"
5931,"fail"
5932,"fail"
5933,"fail"
5934,"fail"
5935,"fail"
5936,"fail"
5937,"fail"
5938,"fail"
5939,"fail"
5940,"fail"
5941,"fail"
5942,"fail"
5943,"fail"
5944,"fail"
5945,"fail"
5946,"fail"
5947,"fail"
5948,"fail"
5949,"fail"
5950,"fail"
5951,"fail"
5952,"fail"
5953,"fail"
5954,"fail"
5955,"fail"
5956,"fail"
5957,"fail"
5958,"fail"
5959,"fail"
5960,"fail"
5961,"fail"
5962,"fail"
5963,"fail"
5964,"fail"
5965,"fail"
5966,"fail"
5967,"fail"
5968,"fail"
5969,"fail"
5970,"fail"
5971,"fail"
5972,"fail"
5973,"fail"
5974,"fail"
5975,"fail"
5976,"fail"
5977,"fail"
5978,"fail"
5979,"fail"
5980,"fail"
5981,"fail"
5982,"fail"
5983,"fail"
5984,"fail"
5985,"fail"
5986,"fail"
5987,"fail"
5988,"fail"
5989,"fail"
5990,"fail"
5991,"fail"
5992,"fail"
5993,"fail"
5994,"fail"
5995,"fail"
5996,"fail"
5997,"fail"
5998,"fail"
5999,"fail"
6000,"fail"
6001,"fail"
6002,"fail"
6003,"fail"
6004,"fail"
6005,"fail"
6006,"fail"
6007,"fail"
6008,"fail"
6009,"fail"
6010,"fail"
6011,"fail"
6012,"fail"
6013,"fail"
6014,"fail"
6015,"fail"
6016,"fail"
6017,"fail"
6018,"fail"
6019,"fail"
6020,"fail"
6021,"fail"
6022,"fail"
6023,"fail"
6024,"fail"
6025,"fail"
6026,"fail"
6027,"fail"
6028,"fail"
6029,"fail"
6030,"fail"
6031,"fail"
6032,"fail"
6033,"fail"
6034,"fail"
6035,"fail"
6036,"fail"
6037,"fail"
6038,"fail"
6039,"fail"
6040,"fail"
6041,"fail"
6042,"fail"
6043,"fail"
6044,"fail"
6045,"fail"
6046,"fail"
6047,"fail"
6048,"fail"
6049,"fail"
6050,"fail"
6051,"fail"
6052,"fail"
6053,"fail"
